transaction_id,card_id,timestamp,amount,merchant_category,country,card_present,is_fraud
txn_0000000,card_00418,2026-01-25T09:53:16Z,271.14,pharmacy,DE,True,False
txn_0000001,card_00850,2026-01-20T10:58:51Z,28.28,grocery,GB,False,False
txn_0000002,card_00239,2026-01-13T02:06:24Z,49.63,fuel,GB,False,False
txn_0000003,card_00847,2026-01-26T10:24:40Z,33.63,atm_withdrawal,SG,True,False
txn_0000004,card_00623,2026-01-12T21:28:18Z,43.35,online_retail,SG,True,False
txn_0000005,card_00440,2026-01-26T22:52:49Z,54.31,electronics,DE,True,False
txn_0000006,card_00057,2026-01-11T18:41:39Z,39.44,atm_withdrawal,US,True,False
txn_0000007,card_00551,2026-01-30T16:49:42Z,15.44,atm_withdrawal,IN,True,False
txn_0000008,card_00084,2026-01-05T00:28:19Z,64.81,electronics,IN,True,False
txn_0000009,card_00006,2026-01-25T04:01:07Z,81.72,travel,US,False,False
txn_0000010,card_00592,2026-01-02T22:10:05Z,61.56,atm_withdrawal,US,True,False
txn_0000011,card_00484,2026-01-22T00:13:38Z,118.42,electronics,IN,True,False
txn_0000012,card_00741,2026-01-27T17:03:22Z,132.61,online_retail,US,True,True
txn_0000013,card_00742,2026-01-11T22:52:35Z,38.9,fuel,DE,True,False
txn_0000014,card_00346,2026-01-08T21:18:31Z,8.94,travel,SG,True,False
txn_0000015,card_00436,2026-01-04T12:52:29Z,16.82,electronics,DE,False,False
txn_0000016,card_00140,2026-01-09T06:24:33Z,1107.28,utilities,AE,True,False
txn_0000017,card_00683,2026-01-26T22:37:54Z,8.26,travel,SG,True,False
txn_0000018,card_00778,2026-01-05T02:46:05Z,129.75,restaurant,IN,True,False
txn_0000019,card_00264,2026-01-30T17:37:42Z,15.49,restaurant,SG,True,False
txn_0000020,card_00299,2026-01-10T04:14:23Z,41.44,fuel,SG,True,False
txn_0000021,card_00238,2026-01-30T04:13:54Z,9.21,fuel,AE,False,False
txn_0000022,card_00845,2026-01-13T10:45:49Z,100.49,atm_withdrawal,SG,False,False
txn_0000023,card_00213,2026-01-18T04:56:18Z,195.52,travel,GB,True,False
txn_0000024,card_00230,2026-01-17T16:37:04Z,34.86,grocery,GB,True,False
txn_0000025,card_00244,2026-01-05T00:29:36Z,29.47,restaurant,GB,True,False
txn_0000026,card_00657,2026-01-21T16:37:37Z,137.0,travel,IN,True,False
txn_0000027,card_00315,2026-01-07T08:50:42Z,26.84,fuel,US,False,False
txn_0000028,card_00412,2026-01-11T15:27:05Z,43.15,utilities,AE,True,False
txn_0000029,card_00157,2026-01-03T16:22:10Z,30.91,atm_withdrawal,SG,False,False
txn_0000030,card_00367,2026-01-04T03:13:23Z,4.7,entertainment,GB,True,False
txn_0000031,card_00689,2026-01-19T04:03:35Z,144.26,pharmacy,AE,True,False
txn_0000032,card_00873,2026-01-25T02:02:43Z,209.46,atm_withdrawal,SG,True,False
txn_0000033,card_00216,2026-01-17T07:39:09Z,12.31,travel,SG,True,False
txn_0000034,card_00533,2026-01-28T22:46:12Z,63.23,online_retail,IN,True,False
txn_0000035,card_00461,2026-01-21T06:05:40Z,244.44,utilities,US,False,False
txn_0000036,card_00521,2026-01-19T13:54:44Z,58.95,utilities,IN,False,False
txn_0000037,card_00183,2026-01-04T21:53:04Z,105.63,entertainment,IN,True,False
txn_0000038,card_00373,2026-01-20T15:58:51Z,71.51,pharmacy,IN,True,False
txn_0000039,card_00660,2026-01-23T16:57:25Z,30.94,atm_withdrawal,SG,True,False
txn_0000040,card_00392,2026-01-10T02:10:01Z,403.55,electronics,US,True,False
txn_0000041,card_00797,2026-01-09T07:50:16Z,483.9,atm_withdrawal,US,False,False
txn_0000042,card_00113,2026-01-04T08:04:15Z,86.32,pharmacy,SG,True,False
txn_0000043,card_00409,2026-01-28T13:32:01Z,159.78,entertainment,SG,True,False
txn_0000044,card_00887,2026-01-09T13:34:47Z,67.92,travel,IN,True,False
txn_0000045,card_00597,2026-01-08T04:56:25Z,46.99,online_retail,GB,False,False
txn_0000046,card_00122,2026-01-30T19:47:01Z,37.21,fuel,GB,False,False
txn_0000047,card_00153,2026-01-03T10:13:37Z,176.98,grocery,IN,True,False
txn_0000048,card_00546,2026-01-26T18:23:35Z,84.92,pharmacy,GB,False,False
txn_0000049,card_00504,2026-01-19T13:26:39Z,176.05,online_retail,DE,False,True
txn_0000050,card_00570,2026-01-24T18:34:08Z,9.27,online_retail,US,True,False
txn_0000051,card_00647,2026-01-22T07:06:17Z,95.79,electronics,GB,True,False
txn_0000052,card_00593,2026-01-08T05:00:46Z,274.65,pharmacy,SG,True,False
txn_0000053,card_00727,2026-01-10T12:48:46Z,86.03,restaurant,DE,True,False
txn_0000054,card_00670,2026-01-14T22:56:47Z,41.76,restaurant,GB,False,False
txn_0000055,card_00524,2026-01-22T15:01:26Z,133.18,atm_withdrawal,GB,True,False
txn_0000056,card_00210,2026-01-23T23:30:07Z,113.88,electronics,DE,True,False
txn_0000057,card_00367,2026-01-21T11:58:54Z,10.77,pharmacy,DE,False,False
txn_0000058,card_00891,2026-01-07T07:10:54Z,531.47,fuel,AE,False,False
txn_0000059,card_00159,2026-01-08T11:40:18Z,191.56,grocery,GB,True,False
txn_0000060,card_00238,2026-01-20T22:28:52Z,3.64,restaurant,IN,False,False
txn_0000061,card_00178,2026-01-27T15:44:49Z,223.02,online_retail,IN,False,False
txn_0000062,card_00285,2026-01-04T10:42:22Z,54.42,atm_withdrawal,GB,False,False
txn_0000063,card_00421,2026-01-14T06:36:47Z,152.55,electronics,IN,True,False
txn_0000064,card_00438,2026-01-28T00:33:47Z,22.81,fuel,IN,True,False
txn_0000065,card_00428,2026-01-08T16:29:24Z,82.59,grocery,IN,True,False
txn_0000066,card_00090,2026-01-27T20:12:49Z,282.74,restaurant,SG,False,False
txn_0000067,card_00669,2026-01-22T04:31:03Z,47.92,online_retail,US,False,False
txn_0000068,card_00581,2026-01-21T17:17:31Z,60.13,electronics,DE,True,False
txn_0000069,card_00695,2026-01-28T13:53:05Z,70.55,travel,SG,True,False
txn_0000070,card_00462,2026-01-01T04:03:22Z,529.02,grocery,GB,False,False
txn_0000071,card_00131,2026-01-23T20:43:02Z,62.69,atm_withdrawal,SG,False,False
txn_0000072,card_00094,2026-01-06T21:49:27Z,151.21,pharmacy,US,True,False
txn_0000073,card_00052,2026-01-18T17:59:17Z,50.09,fuel,GB,True,False
txn_0000074,card_00809,2026-01-20T23:25:42Z,49.53,travel,IN,True,False
txn_0000075,card_00345,2026-01-30T05:24:00Z,89.16,entertainment,US,False,False
txn_0000076,card_00176,2026-01-10T12:58:56Z,154.16,fuel,IN,True,False
txn_0000077,card_00016,2026-01-09T17:50:27Z,64.08,atm_withdrawal,SG,True,False
txn_0000078,card_00742,2026-01-17T21:58:00Z,112.75,travel,US,False,True
txn_0000079,card_00321,2026-01-14T00:07:14Z,130.59,travel,AE,True,False
txn_0000080,card_00177,2026-01-26T16:40:07Z,160.8,pharmacy,SG,True,False
txn_0000081,card_00450,2026-01-12T02:36:45Z,124.46,utilities,IN,True,False
txn_0000082,card_00063,2026-01-15T10:44:55Z,28.61,online_retail,AE,False,False
txn_0000083,card_00306,2026-01-01T00:40:07Z,208.23,fuel,AE,False,False
txn_0000084,card_00114,2026-01-21T08:20:23Z,105.13,pharmacy,IN,True,False
txn_0000085,card_00333,2026-01-09T19:40:44Z,29.6,electronics,IN,False,False
txn_0000086,card_00108,2026-01-28T16:23:21Z,61.46,electronics,IN,True,False
txn_0000087,card_00074,2026-01-12T04:56:28Z,38.18,utilities,IN,False,False
txn_0000088,card_00134,2026-01-27T03:59:03Z,65.2,online_retail,DE,False,False
txn_0000089,card_00204,2026-01-16T19:31:53Z,146.63,atm_withdrawal,AE,True,False
txn_0000090,card_00310,2026-01-29T11:28:38Z,65.22,entertainment,US,True,False
txn_0000091,card_00731,2026-01-06T06:37:58Z,37.64,entertainment,AE,False,False
txn_0000092,card_00471,2026-01-07T04:20:01Z,149.42,grocery,SG,True,False
txn_0000093,card_00869,2026-01-09T04:49:04Z,958.07,travel,DE,True,False
txn_0000094,card_00489,2026-01-23T16:31:00Z,13.13,restaurant,DE,False,False
txn_0000095,card_00100,2026-01-04T20:56:58Z,456.3,travel,DE,False,False
txn_0000096,card_00642,2026-01-05T16:10:24Z,64.93,travel,SG,False,False
txn_0000097,card_00193,2026-01-10T03:49:33Z,195.33,online_retail,GB,True,False
txn_0000098,card_00344,2026-01-20T13:27:50Z,8.61,fuel,AE,False,False
txn_0000099,card_00585,2026-01-17T14:43:21Z,36.53,travel,IN,True,False
txn_0000100,card_00085,2026-01-25T07:40:06Z,115.24,atm_withdrawal,SG,False,False
txn_0000101,card_00005,2026-01-09T11:28:47Z,63.95,entertainment,GB,False,False
txn_0000102,card_00201,2026-01-15T15:46:20Z,104.32,travel,DE,False,False
txn_0000103,card_00799,2026-01-07T13:53:17Z,114.48,fuel,DE,False,False
txn_0000104,card_00564,2026-01-13T23:02:24Z,31.39,grocery,SG,False,False
txn_0000105,card_00307,2026-01-12T07:59:02Z,8.91,electronics,SG,True,False
txn_0000106,card_00871,2026-01-14T04:49:01Z,138.52,atm_withdrawal,DE,True,False
txn_0000107,card_00189,2026-01-01T05:09:59Z,31.96,electronics,SG,True,False
txn_0000108,card_00309,2026-01-07T10:14:25Z,25.91,atm_withdrawal,GB,False,False
txn_0000109,card_00223,2026-01-10T23:32:59Z,97.47,utilities,IN,True,False
txn_0000110,card_00010,2026-01-23T07:51:41Z,48.88,pharmacy,DE,True,False
txn_0000111,card_00523,2026-01-02T21:14:50Z,22.1,electronics,AE,True,False
txn_0000112,card_00433,2026-01-19T12:57:18Z,30.34,pharmacy,AE,True,False
txn_0000113,card_00166,2026-01-19T23:43:29Z,61.21,pharmacy,DE,True,False
txn_0000114,card_00740,2026-01-07T23:55:05Z,23.17,utilities,GB,True,False
txn_0000115,card_00156,2026-01-01T17:36:02Z,160.77,entertainment,GB,False,False
txn_0000116,card_00886,2026-01-03T21:03:29Z,42.48,entertainment,GB,True,False
txn_0000117,card_00124,2026-01-23T12:25:56Z,55.91,atm_withdrawal,DE,False,False
txn_0000118,card_00694,2026-01-14T12:52:10Z,79.25,pharmacy,SG,False,False
txn_0000119,card_00459,2026-01-01T15:11:32Z,160.09,fuel,GB,True,False
txn_0000120,card_00372,2026-01-02T03:23:33Z,210.5,utilities,GB,False,False
txn_0000121,card_00007,2026-01-27T19:11:59Z,332.78,fuel,AE,False,False
txn_0000122,card_00280,2026-01-19T13:29:47Z,44.42,fuel,IN,True,False
txn_0000123,card_00422,2026-01-10T18:53:14Z,5.38,grocery,SG,False,False
txn_0000124,card_00499,2026-01-16T21:16:24Z,18.26,entertainment,US,True,False
txn_0000125,card_00626,2026-01-21T05:11:09Z,66.43,travel,DE,False,False
txn_0000126,card_00887,2026-01-19T07:12:24Z,44.8,fuel,IN,False,False
txn_0000127,card_00573,2026-01-24T21:00:12Z,85.65,entertainment,SG,False,False
txn_0000128,card_00600,2026-01-13T12:08:24Z,50.47,pharmacy,US,True,False
txn_0000129,card_00358,2026-01-19T05:05:00Z,51.3,online_retail,AE,False,False
txn_0000130,card_00419,2026-01-05T20:26:25Z,9.26,utilities,IN,False,False
txn_0000131,card_00174,2026-01-19T04:21:31Z,886.81,restaurant,DE,False,False
txn_0000132,card_00381,2026-01-23T07:25:44Z,22.13,fuel,SG,False,False
txn_0000133,card_00148,2026-01-20T04:19:16Z,142.42,atm_withdrawal,AE,True,False
txn_0000134,card_00168,2026-01-05T08:09:49Z,40.52,entertainment,US,False,False
txn_0000135,card_00079,2026-01-11T12:12:36Z,187.89,electronics,IN,True,False
txn_0000136,card_00413,2026-01-07T01:10:22Z,76.59,grocery,SG,False,False
txn_0000137,card_00665,2026-01-29T06:08:35Z,137.1,atm_withdrawal,SG,True,False
txn_0000138,card_00678,2026-01-12T06:17:51Z,228.15,entertainment,GB,True,False
txn_0000139,card_00148,2026-01-19T16:12:13Z,48.76,online_retail,DE,False,False
txn_0000140,card_00450,2026-01-26T09:53:06Z,26.8,restaurant,IN,True,False
txn_0000141,card_00002,2026-01-12T07:24:28Z,14.38,entertainment,AE,True,False
txn_0000142,card_00822,2026-01-06T14:05:36Z,69.71,fuel,IN,False,False
txn_0000143,card_00573,2026-01-21T05:22:14Z,243.67,fuel,IN,True,False
txn_0000144,card_00828,2026-01-11T04:28:11Z,146.85,utilities,AE,False,False
txn_0000145,card_00596,2026-01-03T15:36:10Z,91.27,entertainment,SG,False,False
txn_0000146,card_00401,2026-01-29T18:28:35Z,58.41,fuel,DE,True,False
txn_0000147,card_00253,2026-01-30T14:18:40Z,76.24,entertainment,AE,False,False
txn_0000148,card_00025,2026-01-19T23:44:21Z,78.02,pharmacy,US,True,False
txn_0000149,card_00643,2026-01-04T23:51:39Z,51.26,utilities,IN,False,False
txn_0000150,card_00319,2026-01-10T01:30:49Z,17.11,travel,SG,False,False
txn_0000151,card_00468,2026-01-02T05:19:08Z,13.62,online_retail,SG,True,False
txn_0000152,card_00565,2026-01-29T21:21:27Z,46.38,atm_withdrawal,SG,True,False
txn_0000153,card_00016,2026-01-08T15:03:36Z,177.37,restaurant,SG,True,False
txn_0000154,card_00157,2026-01-17T10:48:59Z,158.47,atm_withdrawal,GB,False,False
txn_0000155,card_00089,2026-01-04T00:47:53Z,30.97,entertainment,AE,True,False
txn_0000156,card_00535,2026-01-01T05:55:25Z,8.04,grocery,AE,False,False
txn_0000157,card_00628,2026-01-22T10:05:31Z,51.51,electronics,DE,True,False
txn_0000158,card_00822,2026-01-06T02:07:41Z,20.94,travel,GB,True,False
txn_0000159,card_00283,2026-01-01T18:46:56Z,79.02,online_retail,AE,False,False
txn_0000160,card_00551,2026-01-20T14:56:06Z,93.42,fuel,DE,False,False
txn_0000161,card_00621,2026-01-03T07:04:36Z,74.02,grocery,IN,True,False
txn_0000162,card_00010,2026-01-24T13:32:10Z,230.34,pharmacy,AE,False,False
txn_0000163,card_00459,2026-01-17T04:39:35Z,58.41,fuel,GB,False,False
txn_0000164,card_00873,2026-01-12T18:13:17Z,8.08,travel,SG,False,False
txn_0000165,card_00488,2026-01-24T21:19:36Z,12.43,entertainment,IN,True,False
txn_0000166,card_00026,2026-01-28T13:20:35Z,146.91,electronics,DE,False,False
txn_0000167,card_00403,2026-01-15T14:49:49Z,81.86,grocery,GB,False,False
txn_0000168,card_00851,2026-01-05T23:16:19Z,18.23,atm_withdrawal,DE,True,False
txn_0000169,card_00761,2026-01-02T10:19:59Z,198.25,online_retail,SG,False,False
txn_0000170,card_00692,2026-01-02T00:38:17Z,67.91,entertainment,GB,True,False
txn_0000171,card_00124,2026-01-07T10:00:11Z,189.9,entertainment,GB,True,False
txn_0000172,card_00163,2026-01-30T20:54:23Z,57.45,fuel,IN,True,False
txn_0000173,card_00336,2026-01-08T03:43:31Z,67.2,atm_withdrawal,IN,False,False
txn_0000174,card_00067,2026-01-20T16:12:18Z,57.87,utilities,US,False,False
txn_0000175,card_00323,2026-01-14T04:14:29Z,21.09,online_retail,SG,True,False
txn_0000176,card_00247,2026-01-11T05:59:00Z,95.35,pharmacy,US,True,False
txn_0000177,card_00606,2026-01-05T18:19:55Z,27.89,restaurant,SG,True,False
txn_0000178,card_00034,2026-01-28T04:36:08Z,500.04,fuel,US,False,True
txn_0000179,card_00324,2026-01-06T17:15:07Z,22.72,travel,IN,False,False
txn_0000180,card_00512,2026-01-17T21:47:19Z,160.91,restaurant,IN,False,False
txn_0000181,card_00150,2026-01-04T19:03:38Z,89.79,fuel,GB,True,False
txn_0000182,card_00167,2026-01-30T20:37:56Z,41.01,pharmacy,IN,True,False
txn_0000183,card_00659,2026-01-20T15:58:34Z,23.41,grocery,GB,False,False
txn_0000184,card_00635,2026-01-26T23:40:59Z,59.92,travel,IN,True,False
txn_0000185,card_00717,2026-01-14T22:13:40Z,129.02,atm_withdrawal,US,True,False
txn_0000186,card_00730,2026-01-07T11:01:25Z,7.49,online_retail,DE,True,False
txn_0000187,card_00414,2026-01-11T03:09:45Z,87.14,atm_withdrawal,US,True,False
txn_0000188,card_00324,2026-01-26T08:09:21Z,203.98,utilities,GB,True,False
txn_0000189,card_00132,2026-01-05T08:46:22Z,28.94,online_retail,US,False,False
txn_0000190,card_00630,2026-01-10T03:20:05Z,75.44,grocery,AE,False,False
txn_0000191,card_00273,2026-01-19T00:34:21Z,109.52,fuel,DE,True,False
txn_0000192,card_00515,2026-01-12T04:27:16Z,60.76,grocery,DE,False,False
txn_0000193,card_00216,2026-01-29T14:01:34Z,27.29,fuel,US,False,False
txn_0000194,card_00457,2026-01-25T12:31:39Z,54.07,fuel,SG,True,False
txn_0000195,card_00442,2026-01-08T16:35:50Z,116.3,atm_withdrawal,AE,False,True
txn_0000196,card_00589,2026-01-03T00:10:22Z,120.94,travel,SG,True,False
txn_0000197,card_00032,2026-01-30T21:40:30Z,60.06,fuel,AE,True,False
txn_0000198,card_00411,2026-01-01T05:16:00Z,31.53,atm_withdrawal,US,True,False
txn_0000199,card_00890,2026-01-17T02:22:06Z,63.64,grocery,DE,False,False
txn_0000200,card_00768,2026-01-20T17:49:56Z,65.05,utilities,US,True,False
txn_0000201,card_00023,2026-01-27T00:47:57Z,40.5,restaurant,DE,False,False
txn_0000202,card_00581,2026-01-14T07:22:34Z,189.48,electronics,AE,True,False
txn_0000203,card_00806,2026-01-16T15:51:46Z,203.1,online_retail,US,False,False
txn_0000204,card_00842,2026-01-12T00:36:16Z,39.8,grocery,AE,True,False
txn_0000205,card_00384,2026-01-10T21:02:22Z,73.11,fuel,GB,True,False
txn_0000206,card_00698,2026-01-08T07:56:42Z,76.4,fuel,GB,False,False
txn_0000207,card_00365,2026-01-10T23:20:49Z,905.44,fuel,SG,False,False
txn_0000208,card_00470,2026-01-29T01:49:51Z,200.09,online_retail,GB,True,False
txn_0000209,card_00806,2026-01-19T08:32:40Z,261.44,pharmacy,AE,True,True
txn_0000210,card_00058,2026-01-02T03:39:22Z,223.06,online_retail,IN,True,False
txn_0000211,card_00837,2026-01-13T10:20:06Z,4.09,travel,SG,False,False
txn_0000212,card_00429,2026-01-02T10:53:14Z,12.89,entertainment,IN,True,False
txn_0000213,card_00784,2026-01-14T20:26:29Z,96.26,fuel,AE,True,False
txn_0000214,card_00429,2026-01-01T03:19:51Z,77.73,restaurant,IN,False,False
txn_0000215,card_00055,2026-01-17T15:07:49Z,475.78,pharmacy,US,False,False
txn_0000216,card_00357,2026-01-21T17:28:36Z,22.79,travel,SG,True,False
txn_0000217,card_00891,2026-01-04T06:49:31Z,9.09,pharmacy,DE,False,False
txn_0000218,card_00450,2026-01-05T06:01:53Z,20.7,electronics,GB,False,False
txn_0000219,card_00544,2026-01-14T15:13:35Z,22.89,restaurant,SG,True,False
txn_0000220,card_00787,2026-01-23T12:51:24Z,63.41,pharmacy,GB,True,False
txn_0000221,card_00219,2026-01-25T18:47:00Z,469.04,pharmacy,US,True,False
txn_0000222,card_00727,2026-01-21T06:00:21Z,268.99,online_retail,AE,True,False
txn_0000223,card_00151,2026-01-14T08:45:46Z,46.8,entertainment,GB,True,False
txn_0000224,card_00806,2026-01-29T18:24:36Z,36.23,travel,SG,True,False
txn_0000225,card_00034,2026-01-18T12:43:09Z,52.98,travel,IN,False,False
txn_0000226,card_00469,2026-01-03T18:27:36Z,14.78,restaurant,DE,True,False
txn_0000227,card_00848,2026-01-12T12:36:04Z,22.39,travel,DE,False,False
txn_0000228,card_00024,2026-01-09T18:00:53Z,58.78,travel,SG,False,False
txn_0000229,card_00743,2026-01-18T00:43:43Z,42.93,electronics,DE,True,False
txn_0000230,card_00049,2026-01-27T17:46:05Z,94.89,restaurant,SG,False,False
txn_0000231,card_00359,2026-01-28T02:53:17Z,40.06,pharmacy,US,True,False
txn_0000232,card_00746,2026-01-13T20:17:26Z,69.52,atm_withdrawal,US,True,False
txn_0000233,card_00675,2026-01-06T14:16:44Z,19.62,online_retail,AE,False,False
txn_0000234,card_00337,2026-01-19T18:03:03Z,112.75,grocery,DE,True,False
txn_0000235,card_00178,2026-01-18T11:54:29Z,211.03,atm_withdrawal,AE,False,False
txn_0000236,card_00399,2026-01-15T05:26:06Z,67.47,utilities,US,True,False
txn_0000237,card_00604,2026-01-11T21:22:47Z,310.62,utilities,GB,True,False
txn_0000238,card_00477,2026-01-26T21:05:18Z,43.67,grocery,SG,True,False
txn_0000239,card_00883,2026-01-02T04:25:09Z,46.77,utilities,AE,False,False
txn_0000240,card_00571,2026-01-26T08:00:03Z,217.5,electronics,GB,True,False
txn_0000241,card_00509,2026-01-08T15:11:29Z,144.52,fuel,US,False,False
txn_0000242,card_00344,2026-01-12T08:50:47Z,5.4,restaurant,US,False,False
txn_0000243,card_00084,2026-01-24T09:57:23Z,850.92,fuel,AE,True,False
txn_0000244,card_00505,2026-01-24T20:33:00Z,93.66,online_retail,DE,True,False
txn_0000245,card_00001,2026-01-18T15:38:36Z,367.22,travel,DE,True,False
txn_0000246,card_00689,2026-01-25T22:19:05Z,266.73,entertainment,IN,True,False
txn_0000247,card_00109,2026-01-30T07:14:56Z,160.29,utilities,AE,True,False
txn_0000248,card_00030,2026-01-18T06:08:43Z,120.53,restaurant,GB,False,False
txn_0000249,card_00599,2026-01-27T12:47:48Z,56.86,entertainment,SG,False,False
txn_0000250,card_00443,2026-01-28T08:25:33Z,86.37,pharmacy,AE,True,False
txn_0000251,card_00724,2026-01-14T11:18:55Z,50.35,fuel,IN,True,False
txn_0000252,card_00359,2026-01-28T10:36:24Z,10.3,fuel,US,True,False
txn_0000253,card_00698,2026-01-18T16:03:52Z,52.54,grocery,AE,True,False
txn_0000254,card_00887,2026-01-29T03:09:33Z,160.38,online_retail,IN,False,False
txn_0000255,card_00816,2026-01-02T06:47:55Z,82.1,utilities,SG,True,False
txn_0000256,card_00734,2026-01-30T08:17:03Z,78.68,utilities,IN,False,False
txn_0000257,card_00154,2026-01-15T21:23:53Z,23.12,electronics,DE,True,False
txn_0000258,card_00562,2026-01-23T00:53:39Z,24.68,electronics,SG,True,False
txn_0000259,card_00703,2026-01-12T22:10:12Z,40.55,pharmacy,DE,True,False
txn_0000260,card_00799,2026-01-24T18:08:18Z,93.57,fuel,AE,True,False
txn_0000261,card_00603,2026-01-15T15:05:28Z,112.93,online_retail,AE,True,False
txn_0000262,card_00373,2026-01-21T17:34:55Z,105.49,pharmacy,SG,True,False
txn_0000263,card_00797,2026-01-19T23:52:11Z,428.04,utilities,US,True,False
txn_0000264,card_00782,2026-01-27T03:18:21Z,63.03,entertainment,IN,False,False
txn_0000265,card_00787,2026-01-02T10:49:24Z,40.64,utilities,SG,True,False
txn_0000266,card_00121,2026-01-02T00:51:40Z,147.8,restaurant,IN,True,False
txn_0000267,card_00777,2026-01-11T03:23:25Z,69.95,pharmacy,IN,True,False
txn_0000268,card_00595,2026-01-07T09:11:08Z,6.41,online_retail,IN,True,False
txn_0000269,card_00095,2026-01-12T15:54:11Z,53.0,atm_withdrawal,GB,False,False
txn_0000270,card_00381,2026-01-05T11:20:11Z,65.67,grocery,DE,False,False
txn_0000271,card_00098,2026-01-24T13:59:26Z,6.43,restaurant,SG,True,False
txn_0000272,card_00361,2026-01-29T10:09:58Z,8.88,travel,IN,False,False
txn_0000273,card_00790,2026-01-06T08:03:55Z,420.97,atm_withdrawal,IN,False,False
txn_0000274,card_00545,2026-01-09T04:16:50Z,230.19,atm_withdrawal,SG,True,False
txn_0000275,card_00806,2026-01-25T10:47:26Z,29.43,restaurant,US,True,False
txn_0000276,card_00122,2026-01-17T15:56:05Z,175.17,online_retail,SG,True,False
txn_0000277,card_00877,2026-01-24T18:29:25Z,54.39,grocery,SG,True,False
txn_0000278,card_00545,2026-01-16T19:30:47Z,160.31,grocery,GB,False,False
txn_0000279,card_00171,2026-01-16T02:57:54Z,102.32,pharmacy,IN,True,False
txn_0000280,card_00426,2026-01-16T18:02:41Z,17.22,utilities,SG,False,False
txn_0000281,card_00012,2026-01-11T12:21:23Z,50.44,grocery,IN,False,False
txn_0000282,card_00306,2026-01-29T22:48:38Z,37.58,pharmacy,GB,False,False
txn_0000283,card_00750,2026-01-02T08:53:37Z,1.2,entertainment,GB,False,False
txn_0000284,card_00146,2026-01-01T09:51:16Z,39.44,travel,GB,False,False
txn_0000285,card_00676,2026-01-23T00:09:01Z,153.06,grocery,SG,False,False
txn_0000286,card_00874,2026-01-08T22:53:12Z,400.9,grocery,SG,True,False
txn_0000287,card_00635,2026-01-18T23:05:24Z,16.37,atm_withdrawal,DE,True,False
txn_0000288,card_00309,2026-01-22T15:02:26Z,106.28,atm_withdrawal,DE,False,False
txn_0000289,card_00101,2026-01-12T08:02:56Z,36.01,travel,IN,True,False
txn_0000290,card_00335,2026-01-08T02:37:55Z,86.15,restaurant,SG,True,False
txn_0000291,card_00094,2026-01-11T22:43:43Z,267.73,electronics,US,True,False
txn_0000292,card_00436,2026-01-12T23:14:33Z,87.83,online_retail,IN,True,False
txn_0000293,card_00875,2026-01-11T17:05:17Z,4.24,travel,SG,False,False
txn_0000294,card_00010,2026-01-18T08:58:53Z,79.32,fuel,SG,True,False
txn_0000295,card_00612,2026-01-18T08:39:57Z,33.58,entertainment,AE,False,False
txn_0000296,card_00892,2026-01-19T20:00:32Z,14.87,electronics,GB,True,False
txn_0000297,card_00411,2026-01-29T23:04:48Z,104.41,fuel,GB,False,False
txn_0000298,card_00838,2026-01-30T19:44:52Z,79.87,restaurant,US,True,False
txn_0000299,card_00195,2026-01-17T02:42:00Z,42.8,utilities,US,True,False
txn_0000300,card_00405,2026-01-29T21:32:49Z,24.01,pharmacy,SG,True,False
txn_0000301,card_00499,2026-01-19T02:01:34Z,18.29,pharmacy,AE,True,False
txn_0000302,card_00392,2026-01-22T22:09:36Z,53.91,pharmacy,SG,False,False
txn_0000303,card_00777,2026-01-28T21:30:30Z,79.13,entertainment,DE,True,False
txn_0000304,card_00160,2026-01-10T19:26:51Z,36.2,travel,DE,True,False
txn_0000305,card_00026,2026-01-19T23:38:45Z,100.57,atm_withdrawal,IN,False,False
txn_0000306,card_00288,2026-01-29T17:10:53Z,80.78,pharmacy,DE,True,False
txn_0000307,card_00302,2026-01-01T14:39:28Z,6.94,entertainment,AE,False,False
txn_0000308,card_00188,2026-01-06T15:40:45Z,75.29,fuel,IN,False,False
txn_0000309,card_00422,2026-01-24T02:11:11Z,28.79,fuel,DE,False,False
txn_0000310,card_00110,2026-01-21T12:48:54Z,106.13,utilities,GB,True,False
txn_0000311,card_00463,2026-01-12T02:20:27Z,14.78,restaurant,SG,True,False
txn_0000312,card_00536,2026-01-12T22:06:17Z,59.7,entertainment,GB,False,False
txn_0000313,card_00890,2026-01-16T05:34:26Z,36.73,electronics,AE,True,False
txn_0000314,card_00354,2026-01-05T22:05:46Z,88.11,utilities,GB,True,False
txn_0000315,card_00300,2026-01-23T08:38:18Z,566.72,utilities,GB,True,True
txn_0000316,card_00690,2026-01-24T21:52:01Z,29.11,atm_withdrawal,AE,True,False
txn_0000317,card_00575,2026-01-11T07:07:09Z,85.21,grocery,IN,False,False
txn_0000318,card_00723,2026-01-29T12:32:18Z,31.17,pharmacy,SG,True,False
txn_0000319,card_00149,2026-01-11T08:02:06Z,190.17,entertainment,DE,False,False
txn_0000320,card_00823,2026-01-24T20:47:07Z,243.77,fuel,IN,True,False
txn_0000321,card_00461,2026-01-19T08:58:17Z,110.72,fuel,DE,True,False
txn_0000322,card_00137,2026-01-29T05:08:22Z,84.4,restaurant,GB,False,False
txn_0000323,card_00438,2026-01-26T06:19:34Z,16.2,grocery,IN,False,False
txn_0000324,card_00268,2026-01-07T00:23:08Z,15.25,travel,AE,True,False
txn_0000325,card_00310,2026-01-10T05:54:30Z,365.51,online_retail,GB,True,False
txn_0000326,card_00750,2026-01-12T13:24:25Z,23.96,restaurant,SG,True,False
txn_0000327,card_00098,2026-01-19T15:36:56Z,11.48,grocery,AE,True,False
txn_0000328,card_00092,2026-01-23T10:02:59Z,115.57,grocery,AE,False,False
txn_0000329,card_00421,2026-01-11T08:52:50Z,572.05,fuel,IN,True,True
txn_0000330,card_00761,2026-01-12T03:25:01Z,9.11,atm_withdrawal,US,False,False
txn_0000331,card_00370,2026-01-28T16:49:11Z,43.39,atm_withdrawal,AE,True,False
txn_0000332,card_00570,2026-01-07T09:19:50Z,292.48,electronics,DE,False,False
txn_0000333,card_00260,2026-01-09T23:17:20Z,47.93,online_retail,DE,False,False
txn_0000334,card_00412,2026-01-14T15:31:23Z,14.63,restaurant,AE,True,False
txn_0000335,card_00849,2026-01-19T06:40:38Z,121.73,fuel,AE,False,False
txn_0000336,card_00725,2026-01-10T18:28:19Z,9.98,pharmacy,GB,False,False
txn_0000337,card_00411,2026-01-10T06:32:47Z,102.2,online_retail,US,False,False
txn_0000338,card_00443,2026-01-13T15:06:08Z,124.99,grocery,GB,True,False
txn_0000339,card_00732,2026-01-27T19:43:00Z,182.73,utilities,SG,True,False
txn_0000340,card_00290,2026-01-25T22:56:12Z,52.1,fuel,IN,False,False
txn_0000341,card_00055,2026-01-17T22:56:58Z,318.03,fuel,US,False,True
txn_0000342,card_00248,2026-01-07T03:06:29Z,159.95,pharmacy,US,True,False
txn_0000343,card_00893,2026-01-27T11:50:15Z,37.69,online_retail,IN,True,False
txn_0000344,card_00484,2026-01-20T11:49:41Z,204.7,fuel,US,True,False
txn_0000345,card_00160,2026-01-30T22:34:58Z,136.98,restaurant,SG,False,False
txn_0000346,card_00050,2026-01-04T07:15:27Z,66.05,electronics,US,False,False
txn_0000347,card_00101,2026-01-01T20:36:59Z,61.38,restaurant,GB,False,False
txn_0000348,card_00570,2026-01-14T15:44:31Z,27.21,electronics,DE,False,False
txn_0000349,card_00733,2026-01-17T06:03:18Z,51.11,entertainment,GB,True,False
txn_0000350,card_00812,2026-01-17T03:27:50Z,19.63,utilities,DE,True,False
txn_0000351,card_00617,2026-01-30T09:39:47Z,4.46,fuel,AE,False,False
txn_0000352,card_00377,2026-01-16T10:52:30Z,69.53,grocery,IN,False,False
txn_0000353,card_00781,2026-01-27T01:04:21Z,11.93,entertainment,US,True,False
txn_0000354,card_00240,2026-01-05T08:21:58Z,116.28,grocery,GB,False,False
txn_0000355,card_00601,2026-01-02T01:30:55Z,84.55,electronics,DE,False,False
txn_0000356,card_00466,2026-01-08T09:20:47Z,177.86,fuel,GB,False,False
txn_0000357,card_00515,2026-01-26T05:35:58Z,94.2,travel,IN,False,False
txn_0000358,card_00466,2026-01-28T11:40:44Z,57.16,online_retail,AE,False,False
txn_0000359,card_00680,2026-01-06T07:15:46Z,57.06,restaurant,IN,True,False
txn_0000360,card_00691,2026-01-13T03:38:46Z,21.14,online_retail,DE,True,False
txn_0000361,card_00691,2026-01-15T00:59:15Z,35.08,restaurant,GB,True,False
txn_0000362,card_00167,2026-01-22T11:06:24Z,352.01,restaurant,IN,True,False
txn_0000363,card_00153,2026-01-19T03:44:41Z,212.16,travel,DE,True,False
txn_0000364,card_00718,2026-01-05T19:43:25Z,74.29,online_retail,IN,False,False
txn_0000365,card_00658,2026-01-12T05:48:00Z,78.97,restaurant,GB,True,False
txn_0000366,card_00241,2026-01-30T11:59:11Z,15.44,pharmacy,GB,True,False
txn_0000367,card_00005,2026-01-24T01:04:29Z,9.94,online_retail,DE,True,False
txn_0000368,card_00613,2026-01-20T10:17:24Z,10.7,grocery,SG,False,False
txn_0000369,card_00130,2026-01-29T11:34:09Z,33.66,restaurant,IN,False,False
txn_0000370,card_00488,2026-01-17T06:23:22Z,16.13,pharmacy,AE,True,False
txn_0000371,card_00702,2026-01-19T11:05:43Z,109.15,entertainment,IN,False,False
txn_0000372,card_00035,2026-01-11T10:05:10Z,44.11,pharmacy,IN,True,False
txn_0000373,card_00775,2026-01-19T01:20:50Z,85.63,entertainment,SG,False,False
txn_0000374,card_00825,2026-01-06T21:25:32Z,65.42,grocery,DE,False,False
txn_0000375,card_00213,2026-01-06T09:52:57Z,73.3,restaurant,DE,True,False
txn_0000376,card_00481,2026-01-15T20:02:45Z,31.73,online_retail,IN,True,False
txn_0000377,card_00042,2026-01-13T11:37:38Z,188.49,utilities,DE,True,False
txn_0000378,card_00678,2026-01-22T20:47:25Z,82.83,travel,GB,False,False
txn_0000379,card_00543,2026-01-29T05:26:07Z,27.33,utilities,GB,False,False
txn_0000380,card_00693,2026-01-17T11:32:30Z,44.69,restaurant,DE,True,False
txn_0000381,card_00325,2026-01-26T17:30:25Z,100.25,utilities,SG,True,False
txn_0000382,card_00136,2026-01-26T01:22:06Z,206.58,fuel,US,True,False
txn_0000383,card_00524,2026-01-30T06:11:57Z,119.75,travel,US,True,False
txn_0000384,card_00841,2026-01-20T23:13:47Z,747.89,pharmacy,US,False,False
txn_0000385,card_00878,2026-01-07T20:05:56Z,95.89,grocery,GB,True,False
txn_0000386,card_00392,2026-01-23T17:41:44Z,46.54,utilities,GB,True,False
txn_0000387,card_00067,2026-01-11T16:17:40Z,65.51,entertainment,DE,True,False
txn_0000388,card_00441,2026-01-16T11:05:05Z,358.72,travel,GB,True,False
txn_0000389,card_00019,2026-01-21T15:44:16Z,62.35,electronics,DE,False,False
txn_0000390,card_00338,2026-01-19T19:17:41Z,78.17,travel,DE,False,False
txn_0000391,card_00759,2026-01-07T19:42:37Z,237.88,electronics,SG,False,False
txn_0000392,card_00243,2026-01-06T00:38:19Z,64.03,fuel,IN,False,False
txn_0000393,card_00685,2026-01-17T00:14:17Z,25.43,utilities,DE,True,False
txn_0000394,card_00546,2026-01-18T19:29:58Z,7.95,restaurant,SG,True,False
txn_0000395,card_00827,2026-01-11T00:54:44Z,36.89,online_retail,GB,True,False
txn_0000396,card_00311,2026-01-30T04:04:07Z,29.44,pharmacy,SG,False,False
txn_0000397,card_00552,2026-01-03T18:33:48Z,52.82,grocery,US,False,False
txn_0000398,card_00292,2026-01-12T18:28:31Z,60.53,fuel,GB,False,False
txn_0000399,card_00137,2026-01-06T18:33:24Z,60.98,pharmacy,IN,True,False
txn_0000400,card_00150,2026-01-30T15:48:11Z,158.6,utilities,GB,True,False
txn_0000401,card_00194,2026-01-26T23:18:08Z,85.09,utilities,DE,True,False
txn_0000402,card_00759,2026-01-13T13:50:55Z,487.49,pharmacy,US,True,False
txn_0000403,card_00013,2026-01-19T11:54:22Z,60.08,fuel,IN,True,False
txn_0000404,card_00664,2026-01-03T11:38:53Z,171.48,grocery,SG,False,False
txn_0000405,card_00881,2026-01-11T17:57:18Z,79.6,fuel,DE,False,False
txn_0000406,card_00380,2026-01-23T17:28:24Z,10.98,restaurant,US,True,False
txn_0000407,card_00773,2026-01-22T05:18:01Z,18.33,entertainment,US,False,False
txn_0000408,card_00731,2026-01-27T02:19:24Z,57.18,restaurant,IN,True,False
txn_0000409,card_00153,2026-01-02T03:30:40Z,64.14,travel,SG,True,False
txn_0000410,card_00275,2026-01-27T15:08:43Z,42.95,entertainment,AE,True,False
txn_0000411,card_00324,2026-01-24T19:21:36Z,493.33,restaurant,IN,False,False
txn_0000412,card_00638,2026-01-24T08:15:48Z,49.5,atm_withdrawal,GB,True,False
txn_0000413,card_00372,2026-01-17T19:58:50Z,35.98,grocery,IN,False,False
txn_0000414,card_00085,2026-01-17T08:58:44Z,27.64,travel,IN,True,False
txn_0000415,card_00856,2026-01-21T06:22:22Z,136.69,pharmacy,AE,True,False
txn_0000416,card_00209,2026-01-07T02:06:53Z,193.73,online_retail,GB,False,False
txn_0000417,card_00791,2026-01-17T12:14:11Z,7.43,electronics,DE,False,False
txn_0000418,card_00550,2026-01-09T05:35:18Z,75.55,electronics,DE,True,False
txn_0000419,card_00643,2026-01-25T01:08:26Z,21.02,restaurant,US,True,False
txn_0000420,card_00541,2026-01-08T10:35:12Z,251.65,electronics,GB,True,False
txn_0000421,card_00745,2026-01-18T06:54:26Z,76.16,electronics,US,True,False
txn_0000422,card_00818,2026-01-26T05:09:42Z,343.05,fuel,GB,False,True
txn_0000423,card_00341,2026-01-29T16:12:22Z,69.58,online_retail,IN,False,False
txn_0000424,card_00438,2026-01-22T00:19:39Z,1123.49,travel,GB,True,True
txn_0000425,card_00872,2026-01-11T06:32:57Z,251.53,restaurant,AE,True,False
txn_0000426,card_00638,2026-01-11T23:54:07Z,84.13,pharmacy,SG,True,False
txn_0000427,card_00079,2026-01-04T00:59:39Z,7.53,restaurant,SG,False,False
txn_0000428,card_00635,2026-01-17T11:45:37Z,63.75,grocery,AE,True,True
txn_0000429,card_00666,2026-01-18T18:55:46Z,76.1,electronics,US,False,False
txn_0000430,card_00021,2026-01-16T03:37:34Z,321.88,fuel,DE,True,False
txn_0000431,card_00090,2026-01-11T08:02:20Z,222.58,fuel,IN,True,False
txn_0000432,card_00308,2026-01-21T02:43:36Z,29.94,grocery,US,False,False
txn_0000433,card_00184,2026-01-17T19:39:51Z,596.4,grocery,AE,True,False
txn_0000434,card_00325,2026-01-19T19:33:58Z,29.45,entertainment,IN,True,False
txn_0000435,card_00402,2026-01-19T22:35:12Z,52.23,fuel,IN,True,False
txn_0000436,card_00110,2026-01-13T10:24:58Z,46.04,fuel,SG,False,False
txn_0000437,card_00416,2026-01-01T19:06:05Z,9.35,atm_withdrawal,GB,False,False
txn_0000438,card_00430,2026-01-13T03:07:58Z,30.7,travel,AE,True,False
txn_0000439,card_00151,2026-01-18T01:26:35Z,68.19,utilities,US,False,False
txn_0000440,card_00301,2026-01-10T10:00:19Z,30.83,fuel,DE,True,False
txn_0000441,card_00131,2026-01-20T03:15:17Z,96.75,travel,US,True,False
txn_0000442,card_00828,2026-01-26T18:32:59Z,6.56,restaurant,AE,True,False
txn_0000443,card_00020,2026-01-12T20:06:43Z,112.38,electronics,DE,True,False
txn_0000444,card_00231,2026-01-25T21:53:37Z,51.6,pharmacy,GB,True,False
txn_0000445,card_00530,2026-01-06T01:05:19Z,166.64,fuel,GB,True,False
txn_0000446,card_00577,2026-01-28T17:07:34Z,71.14,atm_withdrawal,US,False,False
txn_0000447,card_00435,2026-01-29T12:07:05Z,554.44,electronics,GB,False,False
txn_0000448,card_00622,2026-01-28T20:32:48Z,139.94,electronics,DE,True,False
txn_0000449,card_00533,2026-01-30T10:29:52Z,36.28,pharmacy,GB,False,False
txn_0000450,card_00135,2026-01-10T21:20:52Z,27.06,utilities,DE,True,False
txn_0000451,card_00460,2026-01-12T15:57:02Z,2682.78,restaurant,GB,True,True
txn_0000452,card_00862,2026-01-10T00:04:21Z,20.67,pharmacy,SG,True,False
txn_0000453,card_00886,2026-01-26T15:55:53Z,132.28,pharmacy,GB,False,False
txn_0000454,card_00531,2026-01-10T13:20:44Z,53.52,restaurant,US,False,False
txn_0000455,card_00391,2026-01-21T09:10:33Z,432.02,utilities,US,False,False
txn_0000456,card_00396,2026-01-01T23:14:35Z,79.55,electronics,DE,False,False
txn_0000457,card_00501,2026-01-20T08:21:57Z,62.58,restaurant,IN,True,False
txn_0000458,card_00050,2026-01-15T05:37:24Z,133.88,pharmacy,IN,True,False
txn_0000459,card_00546,2026-01-27T06:46:06Z,366.82,restaurant,SG,False,False
txn_0000460,card_00030,2026-01-13T11:13:11Z,337.37,travel,GB,True,False
txn_0000461,card_00793,2026-01-18T14:53:00Z,320.61,utilities,IN,False,False
txn_0000462,card_00257,2026-01-13T21:44:20Z,34.13,entertainment,SG,True,False
txn_0000463,card_00479,2026-01-13T06:06:04Z,404.56,restaurant,AE,False,False
txn_0000464,card_00889,2026-01-29T16:46:49Z,158.48,atm_withdrawal,DE,True,False
txn_0000465,card_00643,2026-01-01T22:34:01Z,133.66,online_retail,DE,False,False
txn_0000466,card_00297,2026-01-03T02:45:25Z,71.4,travel,GB,True,False
txn_0000467,card_00697,2026-01-23T01:13:07Z,209.3,restaurant,US,True,False
txn_0000468,card_00343,2026-01-13T23:26:11Z,75.57,electronics,GB,False,False
txn_0000469,card_00821,2026-01-27T03:41:42Z,37.31,travel,AE,True,False
txn_0000470,card_00182,2026-01-05T06:38:31Z,41.41,grocery,SG,False,False
txn_0000471,card_00820,2026-01-26T06:09:06Z,598.41,pharmacy,IN,True,False
txn_0000472,card_00154,2026-01-01T11:31:58Z,128.2,fuel,US,True,False
txn_0000473,card_00272,2026-01-05T17:44:16Z,21.88,fuel,GB,False,False
txn_0000474,card_00637,2026-01-09T13:28:18Z,125.68,pharmacy,SG,True,False
txn_0000475,card_00807,2026-01-15T09:54:30Z,197.66,fuel,IN,True,False
txn_0000476,card_00632,2026-01-02T04:05:08Z,266.18,utilities,DE,False,False
txn_0000477,card_00461,2026-01-01T01:27:34Z,23.59,electronics,US,False,False
txn_0000478,card_00032,2026-01-02T23:39:26Z,54.57,utilities,DE,False,False
txn_0000479,card_00549,2026-01-15T02:36:21Z,526.75,restaurant,US,True,True
txn_0000480,card_00247,2026-01-07T03:06:39Z,12.27,restaurant,SG,False,False
txn_0000481,card_00216,2026-01-21T00:16:15Z,106.62,pharmacy,IN,True,False
txn_0000482,card_00187,2026-01-05T20:37:14Z,45.02,travel,AE,True,False
txn_0000483,card_00410,2026-01-26T08:46:42Z,562.32,utilities,AE,True,True
txn_0000484,card_00781,2026-01-15T01:50:06Z,26.3,restaurant,GB,True,False
txn_0000485,card_00695,2026-01-27T10:34:53Z,64.79,electronics,US,True,False
txn_0000486,card_00245,2026-01-28T00:38:56Z,50.97,travel,SG,False,False
txn_0000487,card_00015,2026-01-21T19:42:58Z,99.99,entertainment,IN,True,False
txn_0000488,card_00173,2026-01-13T03:06:22Z,176.44,pharmacy,AE,False,False
txn_0000489,card_00365,2026-01-05T19:10:54Z,210.02,electronics,SG,False,False
txn_0000490,card_00116,2026-01-06T06:58:15Z,70.68,atm_withdrawal,DE,True,False
txn_0000491,card_00487,2026-01-12T19:12:42Z,97.75,atm_withdrawal,GB,True,False
txn_0000492,card_00692,2026-01-22T18:16:58Z,74.06,utilities,GB,True,False
txn_0000493,card_00302,2026-01-26T11:15:50Z,819.11,restaurant,US,True,False
txn_0000494,card_00509,2026-01-08T03:05:21Z,227.58,electronics,US,False,False
txn_0000495,card_00783,2026-01-16T01:14:56Z,204.12,utilities,SG,True,False
txn_0000496,card_00259,2026-01-10T22:03:55Z,17.43,electronics,IN,False,False
txn_0000497,card_00719,2026-01-09T10:18:40Z,33.05,utilities,AE,False,False
txn_0000498,card_00620,2026-01-26T09:22:16Z,397.47,utilities,AE,False,False
txn_0000499,card_00263,2026-01-08T09:44:27Z,50.36,utilities,DE,True,False
