transaction_id,card_id,timestamp,merchant_category,card_present,is_fraud,device_fingerprint,country_code,amount_minor_units
txn_0000500,card_00394,2026-01-22T00:08:20Z,fuel,True,False,dev_001938,US,1000
txn_0000501,card_00360,2026-01-08T05:47:44Z,atm_withdrawal,False,False,dev_003315,SG,5519
txn_0000502,card_00153,2026-01-21T02:14:54Z,restaurant,True,False,dev_000619,US,10711
txn_0000503,card_00064,2026-01-25T10:57:22Z,fuel,False,False,dev_001514,GB,34146
txn_0000504,card_00712,2026-01-26T07:31:55Z,entertainment,True,False,dev_001985,US,9545
txn_0000505,card_00119,2026-01-06T18:27:23Z,travel,False,False,dev_003125,IN,6611
txn_0000506,card_00662,2026-01-28T15:32:08Z,utilities,False,False,dev_001982,US,11719
txn_0000507,card_00583,2026-01-01T11:23:49Z,entertainment,False,False,dev_002466,AE,5519
txn_0000508,card_00511,2026-01-12T17:08:49Z,fuel,True,False,dev_000249,IN,1189
txn_0000509,card_00098,2026-01-17T23:03:03Z,electronics,False,False,dev_003945,US,6284
txn_0000510,card_00147,2026-01-28T06:50:50Z,grocery,True,False,dev_001956,US,23262
txn_0000511,card_00802,2026-01-09T12:32:34Z,pharmacy,True,False,dev_003867,DE,2626
txn_0000512,card_00465,2026-01-29T14:24:50Z,utilities,False,False,dev_003573,IN,1263
txn_0000513,card_00523,2026-01-24T16:54:58Z,utilities,False,False,dev_002472,SG,10777
txn_0000514,card_00697,2026-01-06T11:06:57Z,pharmacy,False,False,dev_002619,IN,4642
txn_0000515,card_00134,2026-01-06T07:04:15Z,electronics,False,True,dev_002018,DE,9477
txn_0000516,card_00827,2026-01-01T05:55:59Z,restaurant,False,False,dev_003843,DE,17125
txn_0000517,card_00318,2026-01-23T16:59:13Z,entertainment,False,False,dev_003509,GB,1200
txn_0000518,card_00848,2026-01-17T01:26:05Z,pharmacy,False,False,dev_004140,SG,851
txn_0000519,card_00494,2026-01-28T12:51:28Z,grocery,True,False,dev_003470,DE,1853
txn_0000520,card_00898,2026-01-11T06:01:21Z,electronics,False,False,dev_001669,SG,3470
txn_0000521,card_00530,2026-01-21T01:44:30Z,online_retail,False,False,dev_000504,AE,2342
txn_0000522,card_00203,2026-01-22T08:32:40Z,fuel,True,False,dev_003337,IN,3494
txn_0000523,card_00769,2026-01-29T01:09:24Z,utilities,True,False,dev_002034,IN,6543
txn_0000524,card_00648,2026-01-10T21:44:14Z,electronics,True,False,dev_003449,AE,9498
txn_0000525,card_00672,2026-01-17T10:44:06Z,electronics,False,True,dev_002578,SG,26267
txn_0000526,card_00876,2026-01-21T22:06:55Z,restaurant,False,False,dev_003853,SG,460
txn_0000527,card_00306,2026-01-06T05:01:20Z,grocery,True,False,dev_000943,AE,14161
txn_0000528,card_00295,2026-01-22T08:40:59Z,fuel,False,False,dev_004092,AE,17780
txn_0000529,card_00454,2026-01-17T07:33:37Z,travel,False,False,dev_003970,DE,31974
txn_0000530,card_00845,2026-01-17T02:40:12Z,pharmacy,False,False,dev_000356,SG,10107
txn_0000531,card_00801,2026-01-26T06:55:11Z,utilities,False,False,dev_004225,DE,2500
txn_0000532,card_00010,2026-01-05T07:22:31Z,entertainment,True,False,dev_003822,US,2129
txn_0000533,card_00636,2026-01-15T09:17:26Z,electronics,False,False,dev_004015,GB,14969
txn_0000534,card_00406,2026-01-27T07:34:12Z,entertainment,False,False,dev_002659,SG,4046
txn_0000535,card_00755,2026-01-03T23:12:37Z,online_retail,False,False,dev_003985,DE,5732
txn_0000536,card_00731,2026-01-29T12:05:12Z,atm_withdrawal,True,False,dev_002866,GB,12359
txn_0000537,card_00315,2026-01-25T15:45:58Z,electronics,False,False,dev_003438,SG,1584
txn_0000538,card_00557,2026-01-21T21:32:58Z,utilities,True,False,dev_000111,IN,36548
txn_0000539,card_00428,2026-01-29T07:05:08Z,pharmacy,True,False,dev_002795,IN,80922
txn_0000540,card_00483,2026-01-29T22:33:42Z,entertainment,False,False,dev_001046,AE,45933
txn_0000541,card_00364,2026-01-10T22:33:14Z,restaurant,True,False,dev_003733,IN,2931
txn_0000542,card_00819,2026-01-19T02:12:12Z,grocery,False,False,dev_002424,GB,6664
txn_0000543,card_00075,2026-01-17T22:24:05Z,atm_withdrawal,False,False,dev_001027,AE,6115
txn_0000544,card_00072,2026-01-25T20:56:26Z,utilities,True,False,dev_000538,IN,10140
txn_0000545,card_00283,2026-01-01T06:32:06Z,restaurant,False,False,dev_003837,DE,162683
txn_0000546,card_00444,2026-01-03T21:47:42Z,entertainment,True,False,dev_004165,IN,1295
txn_0000547,card_00844,2026-01-09T06:26:36Z,electronics,True,False,dev_002417,SG,9056
txn_0000548,card_00169,2026-01-02T07:11:30Z,restaurant,True,False,dev_001984,GB,31267
txn_0000549,card_00245,2026-01-03T21:19:13Z,entertainment,False,False,dev_000082,AE,2470
txn_0000550,card_00479,2026-01-03T21:54:20Z,pharmacy,False,False,dev_004143,AE,6475
txn_0000551,card_00030,2026-01-08T19:46:00Z,entertainment,True,False,dev_004064,SG,16923
txn_0000552,card_00642,2026-01-30T15:45:34Z,grocery,True,False,dev_001850,US,19302
txn_0000553,card_00712,2026-01-08T08:34:48Z,fuel,True,False,dev_003301,US,36429
txn_0000554,card_00858,2026-01-15T16:38:33Z,fuel,False,False,dev_004155,SG,7214
txn_0000555,card_00834,2026-01-15T14:36:43Z,electronics,True,False,dev_001404,US,15290
txn_0000556,card_00428,2026-01-12T02:19:16Z,utilities,False,False,dev_002578,DE,13344
txn_0000557,card_00572,2026-01-24T10:16:59Z,online_retail,True,False,dev_001424,AE,923
txn_0000558,card_00498,2026-01-06T13:14:43Z,atm_withdrawal,True,False,dev_004545,AE,59515
txn_0000559,card_00624,2026-01-03T20:01:35Z,online_retail,False,False,dev_001497,IN,1162
txn_0000560,card_00864,2026-01-12T08:23:26Z,fuel,False,False,dev_002596,SG,1624
txn_0000561,card_00658,2026-01-16T19:59:04Z,fuel,True,False,dev_002530,IN,9498
txn_0000562,card_00260,2026-01-01T15:04:30Z,fuel,False,False,dev_001327,US,12983
txn_0000563,card_00558,2026-01-07T17:23:42Z,restaurant,True,False,dev_004333,GB,9584
txn_0000564,card_00663,2026-01-28T08:28:59Z,atm_withdrawal,False,False,dev_001533,US,23522
txn_0000565,card_00620,2026-01-27T00:05:51Z,entertainment,True,False,dev_000763,SG,2488
txn_0000566,card_00695,2026-01-01T04:27:26Z,grocery,False,False,dev_001468,AE,5286
txn_0000567,card_00393,2026-01-21T18:52:44Z,grocery,True,False,dev_002547,GB,1145
txn_0000568,card_00515,2026-01-06T12:20:53Z,atm_withdrawal,True,False,dev_002861,SG,1869
txn_0000569,card_00025,2026-01-01T17:41:10Z,entertainment,False,False,dev_001453,AE,2989
txn_0000570,card_00879,2026-01-30T06:13:12Z,fuel,False,False,dev_001203,AE,8355
txn_0000571,card_00618,2026-01-30T17:51:05Z,restaurant,True,False,dev_004461,AE,1660
txn_0000572,card_00389,2026-01-26T13:46:32Z,utilities,True,False,dev_001177,US,9193
txn_0000573,card_00789,2026-01-01T17:57:23Z,grocery,True,False,dev_002026,SG,9659
txn_0000574,card_00709,2026-01-06T04:46:28Z,pharmacy,False,False,dev_003345,DE,8675
txn_0000575,card_00684,2026-01-16T08:05:01Z,atm_withdrawal,False,False,dev_001356,IN,20292
txn_0000576,card_00046,2026-01-16T00:11:01Z,utilities,True,False,dev_003847,DE,4143
txn_0000577,card_00206,2026-01-02T11:12:23Z,pharmacy,True,False,dev_003365,DE,19578
txn_0000578,card_00810,2026-01-13T05:59:43Z,restaurant,False,False,dev_003804,AE,6012
txn_0000579,card_00022,2026-01-13T17:31:06Z,online_retail,False,False,dev_003682,GB,15504
txn_0000580,card_00831,2026-01-16T04:25:43Z,travel,True,False,dev_001426,SG,2461
txn_0000581,card_00824,2026-01-07T21:13:18Z,utilities,True,False,dev_004142,GB,618
txn_0000582,card_00116,2026-01-25T09:51:04Z,travel,False,False,dev_001879,GB,1075
txn_0000583,card_00851,2026-01-20T20:03:01Z,utilities,True,False,dev_001996,IN,4199
txn_0000584,card_00473,2026-01-15T03:41:52Z,travel,False,False,dev_002513,GB,21457
txn_0000585,card_00007,2026-01-10T01:29:49Z,entertainment,True,False,dev_002602,SG,3876
txn_0000586,card_00430,2026-01-21T13:44:59Z,electronics,True,False,dev_000071,GB,6410
txn_0000587,card_00274,2026-01-17T07:23:58Z,grocery,True,False,dev_000594,GB,15686
txn_0000588,card_00279,2026-01-15T00:38:45Z,restaurant,True,False,dev_001703,DE,1687
txn_0000589,card_00257,2026-01-04T19:29:36Z,atm_withdrawal,True,False,dev_001596,GB,3207
txn_0000590,card_00469,2026-01-09T20:01:01Z,fuel,True,False,dev_004521,SG,9176
txn_0000591,card_00134,2026-01-10T21:33:42Z,atm_withdrawal,False,False,dev_000544,AE,30829
txn_0000592,card_00570,2026-01-04T07:41:17Z,travel,True,False,dev_003547,IN,4261
txn_0000593,card_00508,2026-01-29T08:59:36Z,online_retail,True,False,dev_001977,IN,1921
txn_0000594,card_00569,2026-01-15T07:50:45Z,electronics,False,False,dev_000996,DE,62931
txn_0000595,card_00070,2026-01-20T01:21:34Z,entertainment,True,False,dev_002568,DE,3204
txn_0000596,card_00080,2026-01-03T22:39:19Z,pharmacy,False,False,dev_000301,DE,16345
txn_0000597,card_00680,2026-01-26T01:55:44Z,travel,False,False,dev_001895,US,1451
txn_0000598,card_00716,2026-01-04T03:16:45Z,fuel,False,False,dev_003460,SG,18405
txn_0000599,card_00569,2026-01-29T10:13:45Z,atm_withdrawal,False,False,dev_003214,DE,891
txn_0000600,card_00470,2026-01-01T16:30:38Z,online_retail,False,False,dev_004127,SG,6966
txn_0000601,card_00247,2026-01-09T07:58:37Z,grocery,True,False,dev_004438,US,21428
txn_0000602,card_00117,2026-01-06T10:16:01Z,pharmacy,False,False,dev_004198,DE,13319
txn_0000603,card_00482,2026-01-23T03:55:39Z,pharmacy,False,False,dev_001636,AE,1785
txn_0000604,card_00524,2026-01-25T06:02:42Z,electronics,True,False,dev_002418,DE,16333
txn_0000605,card_00119,2026-01-04T20:42:20Z,restaurant,True,False,dev_004694,AE,6791
txn_0000606,card_00067,2026-01-20T19:15:01Z,entertainment,True,False,dev_001243,IN,12252
txn_0000607,card_00881,2026-01-24T13:28:10Z,utilities,True,False,dev_001433,AE,9461
txn_0000608,card_00814,2026-01-21T01:31:09Z,fuel,True,False,dev_000708,GB,40298
txn_0000609,card_00635,2026-01-15T03:08:30Z,online_retail,True,False,dev_004816,DE,1522
txn_0000610,card_00282,2026-01-05T03:32:19Z,pharmacy,False,False,dev_004472,IN,9137
txn_0000611,card_00655,2026-01-21T19:09:22Z,fuel,False,False,dev_000532,US,45629
txn_0000612,card_00233,2026-01-09T08:54:43Z,online_retail,False,False,dev_004488,AE,160833
txn_0000613,card_00149,2026-01-30T21:31:37Z,travel,True,False,dev_000656,DE,17607
txn_0000614,card_00197,2026-01-12T16:25:56Z,travel,True,False,dev_001834,SG,19171
txn_0000615,card_00102,2026-01-06T14:14:02Z,electronics,False,False,dev_002644,GB,5390
txn_0000616,card_00883,2026-01-13T20:06:25Z,electronics,False,False,dev_000247,GB,12216
txn_0000617,card_00802,2026-01-29T04:07:57Z,entertainment,True,False,dev_004705,DE,627
txn_0000618,card_00760,2026-01-02T04:27:10Z,pharmacy,False,False,dev_003200,IN,4927
txn_0000619,card_00666,2026-01-08T21:16:44Z,fuel,False,False,dev_001448,GB,5854
txn_0000620,card_00019,2026-01-11T16:50:09Z,grocery,False,False,dev_000163,GB,3344
txn_0000621,card_00477,2026-01-05T23:17:14Z,restaurant,False,False,dev_001390,DE,4742
txn_0000622,card_00293,2026-01-30T02:39:52Z,fuel,True,False,dev_002357,SG,13597
txn_0000623,card_00755,2026-01-30T16:42:12Z,electronics,True,False,dev_002121,SG,13914
txn_0000624,card_00738,2026-01-04T14:15:10Z,restaurant,True,False,dev_001821,IN,1561
